Species,TemporaryID,TrayPosition,MaternalLine,PlantingDate,FirstLeafDate,TransplantDate,Location,TransplantNotes,resortIndex,TrayID
Boltonia decurrens,3-4-4,T3R4C4,2011-2599-1 2,2/29/24,3/7/24,4/12/24,Oertli - Main Greenhouse - Table 17,Some leaves browning,1,1
Boltonia decurrens,3-4-3,T3R4C3,2011-2599-1 2,2/29/24,3/6/24,4/12/24,Oertli - Main Greenhouse - Table 17,Some leaves browning,2,1
Boltonia decurrens,6-1-12,T6R1C12,2011-2613-1 6A,2/29/24,3/7/24,4/12/24,Oertli - Main Greenhouse - Table 17,NA,3,1
Boltonia decurrens,4-6-12,T4R6C12,2011-2659-1 12B,2/29/24,3/6/24,4/12/24,Oertli - Main Greenhouse - Table 17,NA,4,1
Boltonia decurrens,5-2-8,T5R2C8,2011-2613-1 8A,2/29/24,3/7/24,4/12/24,Oertli - Main Greenhouse - Table 17,NA,5,1
Boltonia decurrens,1-6-5,T1R6C5,2011-2664-1 14,2/29/24,3/12/24,4/12/24,Oertli - Main Greenhouse - Table 17,NA,6,1
Boltonia decurrens,2-1-1,T2R1C1,2011-2661-1 7B,2/29/24,3/9/24,4/12/24,Oertli - Main Greenhouse - Table 17,NA,7,1
Boltonia decurrens,3-3-1,T3R3C1,2011-2635-1 28,2/29/24,3/6/24,4/12/24,Oertli - Main Greenhouse - Table 17,NA,8,1
Boltonia decurrens,8-6-1,T8R6C1,2011-2598-1 L1B,2/29/24,3/7/24,4/12/24,Oertli - Main Greenhouse - Table 17,NA,9,1
Boltonia decurrens,6-4-5,T6R4C5,2011-2636-1 5,2/29/24,3/7/24,4/12/24,Oertli - Main Greenhouse - Table 17,NA,10,1
Boltonia decurrens,6-5-7,T6R5C7,2011-2623-1 7A,2/29/24,3/14/24,4/12/24,Oertli - Main Greenhouse - Table 17,NA,11,1
Boltonia decurrens,2-6-8,T2R6C8,2011-2598-1 L13B,2/29/24,3/10/24,4/12/24,Oertli - Main Greenhouse - Table 17,NA,12,1
Boltonia decurrens,5-6-5,T5R6C5,2011-2629-1 28C,2/29/24,3/7/24,4/12/24,Oertli - Main Greenhouse - Table 17,NA,13,2
Boltonia decurrens,10-6-5,T10R6C5,2011-2613-1 14B,3/1/24,3/10/24,4/12/24,Oertli - Main Greenhouse - Table 17,NA,14,2
Boltonia decurrens,1-2-6,T1R2C6,2011-2623-1 30C,2/28/24,3/8/24,4/12/24,Oertli - Main Greenhouse - Table 17,NA,15,2
Boltonia decurrens,9-6-8,T9R6C8,2011-2635-1 17,3/1/24,3/12/24,4/12/24,Oertli - Main Greenhouse - Table 17,NA,16,2
Boltonia decurrens,9-5-3,T9R5C3,2011-2664-1 7,2/29/24,3/7/24,4/12/24,Oertli - Main Greenhouse - Table 17,NA,17,2
Boltonia decurrens,1-6-11,T1R6C11,2011-2636-1 9,2/29/24,3/6/24,4/12/24,Oertli - Main Greenhouse - Table 17,Most leaves dry and brown,18,2
Boltonia decurrens,2-3-5,T2R3C5,2011-2675-1 2A,2/29/24,3/8/24,4/12/24,Oertli - Main Greenhouse - Table 17,NA,19,2
Boltonia decurrens,7-1-6,T7R1C6,2011-2650-1 18A,2/29/24,3/6/24,4/12/24,Oertli - Main Greenhouse - Table 17,Poor condition at time of transplant,20,2
Boltonia decurrens,2-4-1,T2R4C1,2011-2666-1 18A,2/29/24,3/10/24,4/12/24,Oertli - Main Greenhouse - Table 17,NA,21,2
Boltonia decurrens,10-2-3,T10R2C3,2011-2636-1 23,3/1/24,3/18/24,4/12/24,Oertli - Main Greenhouse - Table 17,NA,22,2
Boltonia decurrens,4-4-1,T4R4C1,2011-2664-1 29,2/29/24,3/7/24,4/12/24,Oertli - Main Greenhouse - Table 17,NA,23,2
Boltonia decurrens,5-2-11,T5R2C11,2011-2623-1 25C,2/29/24,3/7/24,4/12/24,Oertli - Main Greenhouse - Table 17,NA,24,2
Boltonia decurrens,2-6-12,T2R6C12,2011-2675-1 25A,2/29/24,3/6/24,4/12/24,Oertli - Main Greenhouse - Table 17,NA,25,3
Boltonia decurrens,6-3-5,T6R3C5,2011-2618-1 7B,2/29/24,3/6/24,4/12/24,Oertli - Main Greenhouse - Table 17,NA,26,3
Boltonia decurrens,8-6-12,T8R6C12,2011-2598-1 L3B,2/29/24,3/8/24,4/12/24,Oertli - Main Greenhouse - Table 17,NA,27,3
Boltonia decurrens,9-4-8,T9R4C8,2011-2618-1 20C,2/29/24,3/8/24,4/12/24,Oertli - Main Greenhouse - Table 17,NA,28,3
Boltonia decurrens,10-6-12,T10R6C12,2011-2650-1 20C,3/1/24,3/20/24,4/12/24,Oertli - Main Greenhouse - Table 17,NA,29,3
Boltonia decurrens,9-6-11,T9R6C11,2011-2661-1 20B,3/1/24,3/10/24,4/12/24,Oertli - Main Greenhouse - Table 17,NA,30,3
Boltonia decurrens,10-5-4,T10R5C4,2011-2620-1 14C,3/1/24,3/7/24,4/12/24,Oertli - Main Greenhouse - Table 17,NA,31,3
Boltonia decurrens,3-1-8,T3R1C8,2011-2638-1 15C,2/29/24,3/7/24,4/12/24,Oertli - Main Greenhouse - Table 17,Most leaves dry and brown,32,3
Boltonia decurrens,7-5-8,T7R5C8,2011-2629-1 17B,2/29/24,3/7/24,4/12/24,Oertli - Main Greenhouse - Table 17,Poor condition at time of transplant,33,3
Boltonia decurrens,6-3-8,T6R3C8,2011-2609-1 18C,2/29/24,3/7/24,4/12/24,Oertli - Main Greenhouse - Table 17,NA,34,3
Boltonia decurrens,7-5-12,T7R5C12,2011-2599-1 24,2/29/24,3/9/24,4/12/24,Oertli - Main Greenhouse - Table 17,NA,35,3
Boltonia decurrens,5-4-2,T5R4C2,2011-2599-1 9,2/29/24,3/9/24,4/12/24,Oertli - Main Greenhouse - Table 17,NA,36,3
Boltonia decurrens,10-3-5,T10R3C5,2011-2661-1 12A,3/1/24,3/10/24,4/12/24,Oertli - Main Greenhouse - Table 17,NA,37,4
Boltonia decurrens,11-5-8,T11R5C8,2011-2638-1 22A,3/1/24,3/10/24,4/12/24,Oertli - Main Greenhouse - Table 17,NA,38,4
Boltonia decurrens,8-1-6,T8R1C6,2011-2620-1 30B,2/29/24,3/19/24,4/12/24,Oertli - Main Greenhouse - Table 17,NA,39,4
Boltonia decurrens,7-6-2,T7R6C2,2011-2618-1 3C,2/29/24,3/9/24,4/12/24,Oertli - Main Greenhouse - Table 17,NA,40,4
Boltonia decurrens,2-6-3,T2R6C3,2011-2636-1 2,2/29/24,3/7/24,4/12/24,Oertli - Main Greenhouse - Table 17,NA,41,4
Boltonia decurrens,6-3-6,T6R3C6,2011-2609-1 18C,2/29/24,3/7/24,4/12/24,Oertli - Main Greenhouse - Table 17,NA,42,4
Boltonia decurrens,6-4-9,T6R4C9,2011-2613-1 1A,2/29/24,3/7/24,4/12/24,Oertli - Main Greenhouse - Table 17,NA,43,4
Boltonia decurrens,5-1-1,T5R1C1,2011-2636-1 18,2/29/24,3/7/24,4/12/24,Oertli - Main Greenhouse - Table 17,NA,44,4
Boltonia decurrens,2-3-3,T2R3C3,2011-2664-1 12,2/29/24,3/7/24,4/12/24,Oertli - Main Greenhouse - Table 17,NA,45,4
Boltonia decurrens,4-3-4,T4R3C4,2011-2675-1 19B,2/29/24,3/7/24,4/12/24,Oertli - Main Greenhouse - Table 17,NA,46,4
Boltonia decurrens,3-3-10,T3R3C10,2011-2638-1 6A,2/29/24,3/7/24,4/12/24,Oertli - Main Greenhouse - Table 17,Most leaves dry and brown,47,4
Boltonia decurrens,3-6-11,T3R6C11,2011-2675-1 9B,2/29/24,3/7/24,4/12/24,Oertli - Main Greenhouse - Table 17,"Most leaves dry and brown, possibly resprouting",48,4
Boltonia decurrens,1-6-8,T1R6C8,2011-2618-1 1B,2/29/24,3/7/24,4/12/24,Oertli - Main Greenhouse - Table 17,NA,49,5
Boltonia decurrens,8-5-2,T8R5C2,2011-2620-1 12B,2/29/24,3/6/24,4/12/24,Oertli - Main Greenhouse - Table 17,NA,50,5
Boltonia decurrens,3-1-5,T3R1C5,2011-2635-1 2,2/29/24,3/7/24,4/12/24,Oertli - Main Greenhouse - Table 17,Some leaves browning,51,5
Boltonia decurrens,3-3-5,T3R3C5,2011-2635-1 21,2/29/24,3/8/24,4/12/24,Oertli - Main Greenhouse - Table 17,Some leaves browning,52,5
Boltonia decurrens,5-2-4,T5R2C4,2011-2623-1 19A,2/29/24,3/6/24,4/12/24,Oertli - Main Greenhouse - Table 17,"Two plants in cell, one not Boltonia",53,5
Boltonia decurrens,9-1-2,T9R1C2,2011-2618-1 2C,2/29/24,3/6/24,4/12/24,Oertli - Main Greenhouse - Table 17,NA,54,5
Boltonia decurrens,12-3-4,T12R3C4,2011-2664-1 10,3/1/24,Unknown,4/12/24,Oertli - Main Greenhouse - Table 17,Small stature at time of transplant,55,5
Boltonia decurrens,6-5-4,T6R5C4,2011-2623-1 27B,2/29/24,3/5/24,4/12/24,Oertli - Main Greenhouse - Table 17,NA,56,5
Boltonia decurrens,5-2-10,T5R2C10,2011-2623-1 25C,2/29/24,3/7/24,4/12/24,Oertli - Main Greenhouse - Table 17,NA,57,5
Boltonia decurrens,5-5-2,T5R5C2,2011-2598-1 L7B,2/29/24,3/7/24,4/12/24,Oertli - Main Greenhouse - Table 17,NA,58,5
Boltonia decurrens,10-5-6,T10R5C6,2011-2620-1 7B,3/1/24,3/10/24,4/12/24,Oertli - Main Greenhouse - Table 17,NA,59,5
Boltonia decurrens,12-4-6,T12R4C6,2011-2623-1 28C,3/1/24,3/8/24,4/12/24,Oertli - Main Greenhouse - Table 17,NA,60,5
Boltonia decurrens,13-1-10,T13R1C10,2011-2613-1 17A,3/2/24,3/13/24,4/12/24,Oertli - Main Greenhouse - Table 17,NA,61,6
Boltonia decurrens,2-3-2,T2R3C2,2011-2664-1 12,2/29/24,3/6/24,4/12/24,Oertli - Main Greenhouse - Table 17,NA,62,6
Boltonia decurrens,12-3-8,T12R3C8,2011-2650-1 10C,3/1/24,3/13/24,4/12/24,Oertli - Main Greenhouse - Table 17,NA,63,6
Boltonia decurrens,12-1-9,T12R1C9,2011-2599-1 7,3/1/24,3/8/24,4/12/24,Oertli - Main Greenhouse - Table 17,NA,64,6
Boltonia decurrens,7-5-1,T7R5C1,2011-2623-1 21A,2/29/24,3/8/24,4/12/24,Oertli - Main Greenhouse - Table 17,NA,65,6
Boltonia decurrens,6-6-11,T6R6C11,2011-2629-1 14A,2/29/24,3/8/24,4/12/24,Oertli - Main Greenhouse - Table 17,NA,66,6
Boltonia decurrens,6-5-3,T6R5C3,2011-2598-1 L4B,2/29/24,3/5/24,4/12/24,Oertli - Main Greenhouse - Table 17,NA,67,6
Boltonia decurrens,9-6-6,T9R6C6,2011-2636-1 12,3/1/24,3/10/24,4/12/24,Oertli - Main Greenhouse - Table 17,NA,68,6
Boltonia decurrens,6-6-6,T6R6C6,2011-2636-1 10,2/29/24,3/7/24,4/12/24,Oertli - Main Greenhouse - Table 17,NA,69,6
Boltonia decurrens,3-5-5,T3R5C5,2011-2661-1 4A,2/29/24,3/7/24,4/12/24,Oertli - Main Greenhouse - Table 17,Most leaves dry and browning,70,6
Boltonia decurrens,12-4-2,T12R4C2,2011-2620-1 19A,3/1/24,3/9/24,4/12/24,Oertli - Main Greenhouse - Table 17,NA,71,6
Boltonia decurrens,8-3-4,T8R3C4,2011-2609-1 X1,2/29/24,3/8/24,4/12/24,Oertli - Main Greenhouse - Table 17,NA,72,6
Boltonia decurrens,7-5-9,T7R5C9,2011-2629-1 3B,2/29/24,3/8/24,4/12/24,Oertli - Main Greenhouse - Table 17,Poor condition at time of transplant,73,7
Boltonia decurrens,4-3-7,T4R3C7,2011-2666-1 19C,2/29/24,3/8/24,4/12/24,Oertli - Main Greenhouse - Table 17,NA,74,7
Boltonia decurrens,9-2-2,T9R2C2,2011-2638-1 24B,2/29/24,3/7/24,4/12/24,Oertli - Main Greenhouse - Table 17,Some leaves browning,75,7
Boltonia decurrens,6-5-10,T6R5C10,2011-2620-1 20A,2/29/24,3/7/24,4/12/24,Oertli - Main Greenhouse - Table 17,NA,76,7
Boltonia decurrens,3-6-2,T3R6C2,2011-2650-1 19C,2/29/24,3/8/24,4/12/24,Oertli - Main Greenhouse - Table 17,NA,77,7
Boltonia decurrens,8-2-6,T8R2C6,2011-2659-1 11A,2/29/24,3/7/24,4/12/24,Oertli - Main Greenhouse - Table 17,NA,78,7
Boltonia decurrens,2-1-4,T2R1C4,2011-2675-1 29B,2/29/24,3/8/24,4/12/24,Oertli - Main Greenhouse - Table 17,NA,79,7
Boltonia decurrens,7-1-8,T7R1C8,2011-2650-1 27B,2/29/24,3/12/24,4/12/24,Oertli - Main Greenhouse - Table 17,NA,80,7
Boltonia decurrens,5-6-6,T5R6C6,2011-2623-1 28C,2/29/24,3/8/24,4/12/24,Oertli - Main Greenhouse - Table 17,"Double planted, both plants transplanted",81,7
Boltonia decurrens,2-4-9,T2R4C9,2011-2636-1 21,2/29/24,3/6/24,4/12/24,Oertli - Main Greenhouse - Table 17,NA,82,7
Boltonia decurrens,2-2-2,T2R2C2,2011-2598-1 S11C,2/29/24,3/17/34,4/12/24,Oertli - Main Greenhouse - Table 17,NA,83,7
Boltonia decurrens,2-5-9,T2R5C9,2011-2675-1 5A,2/29/24,3/8/24,4/12/24,Oertli - Main Greenhouse - Table 17,Poor condition at time of transplant,84,7
Boltonia decurrens,2-3-10,T2R3C10,2011-2650-1 1A,2/29/24,3/6/24,4/12/24,Oertli - Main Greenhouse - Table 17,NA,85,8
Boltonia decurrens,7-1-2,T7R1C2,2011-2638-1 30B,2/29/24,Unknown,4/12/24,Oertli - Main Greenhouse - Table 17,Very small stature at time of transplant,86,8
Boltonia decurrens,7-5-6,T7R5C6,2011-2629-1 17B,2/29/24,3/7/24,4/12/24,Oertli - Main Greenhouse - Table 17,Poor condition at time of transplant,87,8
Boltonia decurrens,9-5-4,T9R5C4,2011-2664-1 7,2/29/24,3/8/24,4/12/24,Oertli - Main Greenhouse - Table 17,NA,88,8
Boltonia decurrens,6-6-9,T6R6C9,2011-2629-1 1C,2/29/24,3/7/24,4/12/24,Oertli - Main Greenhouse - Table 17,NA,89,8
Boltonia decurrens,6-6-7,T6R6C7,2011-2629-1 1C,2/29/24,Unknown,4/12/24,Oertli - Main Greenhouse - Table 17,Small stature at time of transplant,90,8
Boltonia decurrens,7-2-7,T7R2C7,2011-2598-1 L9D,2/29/24,3/7/24,4/12/24,Oertli - Main Greenhouse - Table 17,Poor condition at time of transplant,91,8
Boltonia decurrens,5-5-8,T5R5C8,2011-2613-1 14B,2/29/24,3/8/24,4/12/24,Oertli - Main Greenhouse - Table 17,NA,92,8
Boltonia decurrens,6-1-3,T6R1C3,2011-2666-1 7B,2/29/24,3/5/24,4/12/24,Oertli - Main Greenhouse - Table 17,NA,93,8
Boltonia decurrens,8-6-6,T8R6C6,2011-2638-1 12C,2/29/24,3/8/24,4/12/24,Oertli - Main Greenhouse - Table 17,NA,94,8
Boltonia decurrens,2-4-2,T2R4C2,2011-2666-1 18A,2/29/24,3/21/24,4/12/24,Oertli - Main Greenhouse - Table 17,Very small stature at time of transplant,95,8
Boltonia decurrens,12-4-1,T12R4C1,2011-2620-1 19A,3/1/24,3/10/24,4/12/24,Oertli - Main Greenhouse - Table 17,NA,96,8
Boltonia decurrens,9-1-12,T9R1C12,2011-2659-1 1B,2/29/24,3/7/24,4/12/24,Oertli - Main Greenhouse - Table 17,"Some leaves browning, roots intact",97,9
Boltonia decurrens,4-5-8,T4R5C8,2011-2618-1 25A,2/29/24,3/8/24,4/12/24,Oertli - Main Greenhouse - Table 17,NA,98,9
Boltonia decurrens,3-6-6,T3R6C6,2011-2598-1 S8A,2/29/24,3/7/24,4/12/24,Oertli - Main Greenhouse - Table 17,"Most leaves dry and brown, possibly resprouting",99,9
Boltonia decurrens,6-4-7,T6R4C7,2011-2613-1 1A,2/29/24,3/14/24,4/12/24,Oertli - Main Greenhouse - Table 17,NA,100,9
Boltonia decurrens,10-3-11,T10R3C11,2011-2675-1 21C,3/1/24,3/8/24,4/12/24,Oertli - Main Greenhouse - Table 17,NA,101,9
Boltonia decurrens,6-5-2,T6R5C2,2011-2598-1 L4B,2/29/24,3/7/24,4/12/24,Oertli - Main Greenhouse - Table 17,NA,102,9
Boltonia decurrens,7-3-2,T7R3C2,2011-2598-1 L5A,2/29/24,3/7/24,4/12/24,Oertli - Main Greenhouse - Table 17,NA,103,9
Boltonia decurrens,2-6-4,T2R6C4,2011-2636-1 2,2/29/24,3/7/24,4/12/24,Oertli - Main Greenhouse - Table 17,NA,104,9
Boltonia decurrens,6-3-4,T6R3C4,2011-2618-1 7B,2/29/24,3/7/24,4/12/24,Oertli - Main Greenhouse - Table 17,NA,105,9
Boltonia decurrens,8-4-7,T8R4C7,2011-2613-1 22A,2/29/24,3/8/24,4/12/24,Oertli - Main Greenhouse - Table 17,NA,106,9
Boltonia decurrens,4-2-12,T4R2C12,2011-2650-1 30C,2/29/24,3/8/24,4/12/24,Oertli - Main Greenhouse - Table 17,NA,107,9
Boltonia decurrens,4-5-5,T4R5C5,2011-2618-1 27C,2/29/24,3/8/24,4/12/24,Oertli - Main Greenhouse - Table 17,NA,108,9
Boltonia decurrens,10-4-5,T10R4C5,2011-2620-1 13A,3/1/24,3/7/24,4/12/24,Oertli - Main Greenhouse - Table 17,NA,109,10
Boltonia decurrens,4-1-8,T4R1C8,2011-2664-1 1,2/29/24,3/10/24,4/12/24,Oertli - Main Greenhouse - Table 17,NA,110,10
Boltonia decurrens,2-2-7,T2R2C7,2011-2666-1 28A,2/29/24,3/7/24,4/12/24,Oertli - Main Greenhouse - Table 17,NA,111,10
Boltonia decurrens,8-3-10,T8R3C10,2011-2666-1 3B,2/29/24,3/10/24,4/12/24,Oertli - Main Greenhouse - Table 17,NA,112,10
Boltonia decurrens,9-5-2,T9R5C2,2011-2664-1 7,2/29/24,3/8/24,4/12/24,Oertli - Main Greenhouse - Table 17,NA,113,10
Boltonia decurrens,10-4-4,T10R4C4,2011-2599-1 27,3/1/24,3/9/24,4/12/24,Oertli - Main Greenhouse - Table 17,NA,114,10
Boltonia decurrens,4-1-11,T4R1C11,2011-2659-1 10C,2/29/24,3/7/24,4/12/24,Oertli - Main Greenhouse - Table 17,NA,115,10
Boltonia decurrens,6-2-11,T6R2C11,2011-2618-1 24B,2/29/24,3/7/24,4/12/24,Oertli - Main Greenhouse - Table 17,NA,116,10
Boltonia decurrens,12-4-8,T12R4C8,2011-2666-1 16B,3/1/24,3/7/24,4/12/24,Oertli - Main Greenhouse - Table 17,NA,117,10
Boltonia decurrens,6-6-1,T6R6C1,2011-2675-1 23A,2/29/24,3/7/24,4/12/24,Oertli - Main Greenhouse - Table 17,NA,118,10
Boltonia decurrens,13-1-5,T13R1C5,2011-2675-1 18A,3/2/24,3/10/24,4/12/24,Oertli - Main Greenhouse - Table 17,NA,119,10
Boltonia decurrens,4-2-5,T4R2C5,2011-2664-1 9,2/29/24,3/8/24,4/12/24,Oertli - Main Greenhouse - Table 17,NA,120,10
Boltonia decurrens,3-2-9,T3R2C9,2011-2664-1 8,2/29/24,3/6/24,4/12/24,Oertli - Main Greenhouse - Table 17,"Most leaves dry and brown, roots in poor condition",121,11
Boltonia decurrens,1-6-10,T1R6C10,2011-2661-1 23A,2/29/24,3/6/24,4/12/24,Oertli - Main Greenhouse - Table 17,NA,122,11
Boltonia decurrens,10-1-9,T10R1C9,2011-2650-1 11B,3/1/24,3/9/24,4/12/24,Oertli - Main Greenhouse - Table 17,NA,123,11
Boltonia decurrens,4-6-10,T4R6C10,2011-2650-1 8B,2/29/24,3/12/24,4/12/24,Oertli - Main Greenhouse - Table 17,NA,124,11
Boltonia decurrens,6-6-12,T6R6C12,2011-2629-1 14A,2/29/24,3/7/24,4/12/24,Oertli - Main Greenhouse - Table 17,NA,125,11
Boltonia decurrens,13-1-2,T13R1C2,2011-2661-1 10B,3/1/24,3/10/24,4/12/24,Oertli - Main Greenhouse - Table 17,NA,126,11
Boltonia decurrens,4-3-9,T4R3C9,2011-2635-1 8,2/29/24,Unknown,4/12/24,Oertli - Main Greenhouse - Table 17,NA,127,11
Boltonia decurrens,13-2-3,T13R2C3,2011-2661-1 26A,3/2/24,3/12/24,4/12/24,Oertli - Main Greenhouse - Table 17,NA,128,11
Boltonia decurrens,3-1-4,T3R1C4,2011-2675-1 15B,2/29/24,3/6/24,4/12/24,Oertli - Main Greenhouse - Table 17,Most leaves dry and brown,129,11
Boltonia decurrens,5-6-11,T5R6C11,2011-2629-1 22B,2/29/24,3/12/24,4/12/24,Oertli - Main Greenhouse - Table 17,NA,130,11
Boltonia decurrens,5-3-2,T5R3C2,2011-2623-1 12A,2/29/24,3/8/24,4/12/24,Oertli - Main Greenhouse - Table 17,NA,131,11
Boltonia decurrens,6-2-2,T6R2C2,2011-2629-1 19C,2/29/24,3/12/24,4/12/24,Oertli - Main Greenhouse - Table 17,NA,132,11
Boltonia decurrens,1-2-4,T1R2C4,2011-2675-1 25A,2/28/24,3/21/24,4/12/24,Oertli - Main Greenhouse - Table 17,Small stature at time of transplant,133,12
Boltonia decurrens,5-4-7,T5R4C7,2011-2623-1 1B,2/29/24,3/7/24,4/12/24,Oertli - Main Greenhouse - Table 17,NA,134,12
Boltonia decurrens,9-2-10,T9R2C10,2011-2629-1 5A,2/29/24,3/14/24,4/12/24,Oertli - Main Greenhouse - Table 17,NA,135,12
Boltonia decurrens,8-1-8,T8R1C8,2011-2638-1 18A,2/29/24,3/6/24,4/12/24,Oertli - Main Greenhouse - Table 17,NA,136,12
Boltonia decurrens,7-5-7,T7R5C7,2011-2629-1 17B,2/29/24,3/8/24,4/12/24,Oertli - Main Greenhouse - Table 17,NA,137,12
Boltonia decurrens,4-1-1,T4R1C1,2011-2675-1 27C,2/29/24,3/8/24,4/12/24,Oertli - Main Greenhouse - Table 17,NA,138,12
Boltonia decurrens,4-3-5,T4R3C5,2011-2609-1 11C,2/29/24,3/10/24,4/12/24,Oertli - Main Greenhouse - Table 17,NA,139,12
Boltonia decurrens,1-4-2,T1R4C2,2011-2659-1 14A,2/28/24,3/5/24,4/12/24,Oertli - Main Greenhouse - Table 17,NA,140,12
Boltonia decurrens,8-6-8,T8R6C8,2011-2609-1 X2,2/29/24,3/10/24,4/12/24,Oertli - Main Greenhouse - Table 17,NA,141,12
Boltonia decurrens,3-6-3,T3R6C3,2011-2650-1 19C,2/29/24,3/8/24,4/12/24,Oertli - Main Greenhouse - Table 17,NA,142,12
Boltonia decurrens,4-2-8,T4R2C8,2011-2623-1 18B,2/29/24,3/8/24,4/12/24,Oertli - Main Greenhouse - Table 17,NA,143,12
Boltonia decurrens,10-6-6,T10R6C6,2011-2638-1 16A,3/1/24,3/9/24,4/12/24,Oertli - Main Greenhouse - Table 17,NA,144,12
Boltonia decurrens,6-3-10,T6R3C10,2011-2635-1 24,2/29/24,3/7/24,4/12/24,Oertli - Main Greenhouse - Table 17,NA,145,13
Boltonia decurrens,5-1-7,T5R1C7,2011-2638-1 28A,2/29/24,3/8/24,4/12/24,Oertli - Main Greenhouse - Table 17,NA,146,13
Boltonia decurrens,2-4-5,T2R4C5,2011-2666-1 24A,2/29/24,3/7/24,4/12/24,Oertli - Main Greenhouse - Table 17,NA,147,13
Boltonia decurrens,2-3-12,T2R3C12,2011-2675-1 10A,2/29/24,3/7/24,4/12/24,Oertli - Main Greenhouse - Table 17,NA,148,13
Boltonia decurrens,6-5-11,T6R5C11,2011-2613-1 9A,2/29/24,3/7/24,4/12/24,Oertli - Main Greenhouse - Table 17,NA,149,13
Boltonia decurrens,2-3-11,T2R3C11,2011-2650-1 1A,2/29/24,3/5/24,4/12/24,Oertli - Main Greenhouse - Table 17,NA,150,13
Boltonia decurrens,9-3-5,T9R3C5,2011-2638-1 8B,2/29/24,3/7/24,4/12/24,Oertli - Main Greenhouse - Table 17,Some leaves browning,151,13
Boltonia decurrens,13-1-3,T13R1C3,2011-2675-1 18A,3/2/24,3/12/24,4/12/24,Oertli - Main Greenhouse - Table 17,NA,152,13
Boltonia decurrens,5-1-6,T5R1C6,2011-2635-1 35?,2/29/24,3/8/24,4/12/24,Oertli - Main Greenhouse - Table 17,NA,153,13
Boltonia decurrens,4-2-7,T4R2C7,2011-2623-1 18B,2/29/24,3/7/24,4/12/24,Oertli - Main Greenhouse - Table 17,NA,154,13
Boltonia decurrens,3-5-3,T3R5C3,2011-2599-1 3,2/29/24,3/7/24,4/12/24,Oertli - Main Greenhouse - Table 17,Some leaves browning,155,13
Boltonia decurrens,7-4-9,T7R4C9,2011-2659-1 9A,2/29/24,3/5/24,4/12/24,Oertli - Main Greenhouse - Table 17,"Likely dead, transplanted regardless",156,13
Boltonia decurrens,5-3-9,T5R3C9,2011-2659-1 5A,2/29/24,3/9/24,4/12/24,Oertli - Main Greenhouse - Table 17,NA,157,14
Boltonia decurrens,5-5-7,T5R5C7,2011-2613-1 14B,2/29/24,3/8/24,4/12/24,Oertli - Main Greenhouse - Table 17,NA,158,14
Boltonia decurrens,3-3-7,T3R3C7,2011-2666-1 21C,2/29/24,3/7/24,4/12/24,Oertli - Main Greenhouse - Table 17,Most leaves dry and brown,159,14
Boltonia decurrens,3-6-1,T3R6C1,2011-2638-1 11B,2/29/24,3/8/24,4/12/24,Oertli - Main Greenhouse - Table 17,NA,160,14
Boltonia decurrens,8-1-11,T8R1C11,2011-2618-1 12A,2/29/24,3/8/24,4/12/24,Oertli - Main Greenhouse - Table 17,NA,161,14
Boltonia decurrens,4-6-2,T4R6C2,2011-2659-1 2A,2/29/24,3/7/24,4/12/24,Oertli - Main Greenhouse - Table 17,NA,162,14
Boltonia decurrens,7-3-11,T7R3C11,2011-2629-1 15A,2/29/24,3/7/24,4/12/24,Oertli - Main Greenhouse - Table 17,Small stature at time of transplant,163,14
Boltonia decurrens,12-6-1,T12R6C1,2011-2675-1 10A,3/1/24,3/10/24,4/12/24,Oertli - Main Greenhouse - Table 17,NA,164,14
Boltonia decurrens,11-2-11,T11R2C11,2011-2609-1 15A,3/1/24,3/9/24,4/12/24,Oertli - Main Greenhouse - Table 17,NA,165,14
Boltonia decurrens,6-4-4,T6R4C4,2011-2636-1 5,2/29/24,3/6/24,4/12/24,Oertli - Main Greenhouse - Table 17,NA,166,14
Boltonia decurrens,4-3-3,T4R3C3,2011-2675-1 19B,2/29/24,3/8/24,4/12/24,Oertli - Main Greenhouse - Table 17,NA,167,14
Boltonia decurrens,3-4-10,T3R4C10,2011-2661-1 22A,2/29/24,3/7/24,4/12/24,Oertli - Main Greenhouse - Table 17,"Most leaves dry and brown, possibly resprouting",168,14
Boltonia decurrens,6-2-9,T6R2C9,2011-2599-1 4,2/29/24,3/7/24,4/12/24,Oertli - Main Greenhouse - Table 17,NA,169,15
Boltonia decurrens,7-1-9,T7R1C9,2011-2650-1 27B,2/29/24,3/12/24,4/12/24,Oertli - Main Greenhouse - Table 17,NA,170,15
Boltonia decurrens,3-6-7,T3R6C7,2011-2598-1 S8A,2/29/24,3/6/24,4/12/24,Oertli - Main Greenhouse - Table 17,Some leaves browning,171,15
Boltonia decurrens,8-5-12,T8R5C12,2011-2613-1 24A,2/29/24,3/8/24,4/12/24,Oertli - Main Greenhouse - Table 17,NA,172,15
Boltonia decurrens,3-1-1,T3R1C1,2011-2636-1 19,2/29/24,3/15/24,4/12/24,Oertli - Main Greenhouse - Table 17,Small stature at time of transplant,173,15
Boltonia decurrens,2-5-11,T2R5C11,2011-2675-1 5A,2/29/24,3/7/24,4/12/24,Oertli - Main Greenhouse - Table 17,NA,174,15
Boltonia decurrens,2-1-9,T2R1C9,2011-2618-1 26A,2/29/24,3/7/24,4/12/24,Oertli - Main Greenhouse - Table 17,NA,175,15
Boltonia decurrens,5-2-6,T5R2C6,2011-2599-1 11,2/29/24,3/7/24,4/12/24,Oertli - Main Greenhouse - Table 17,NA,176,15
Boltonia decurrens,5-5-4,T5R5C4,2011-2618-1 4A,2/29/24,3/8/24,4/12/24,Oertli - Main Greenhouse - Table 17,NA,177,15
Boltonia decurrens,5-2-7,T5R2C7,2011-2599-1 11,2/29/24,3/7/24,4/12/24,Oertli - Main Greenhouse - Table 17,NA,178,15
Boltonia decurrens,8-2-4,T8R2C4,2011-2613-1 3A,2/29/24,3/9/24,4/12/24,Oertli - Main Greenhouse - Table 17,NA,179,15
Boltonia decurrens,6-6-8,T6R6C8,2011-2629-1 1C,2/29/24,3/6/24,4/12/24,Oertli - Main Greenhouse - Table 17,NA,180,15
Boltonia decurrens,1-3-2,T1R3C2,2011-2618-1 1B,2/28/24,3/12/24,4/12/24,Oertli - Main Greenhouse - Table 17,NA,181,16
Boltonia decurrens,8-2-2,T8R2C2,2011-2623-1 11A,2/29/24,3/8/24,4/12/24,Oertli - Main Greenhouse - Table 17,NA,182,16
Boltonia decurrens,1-6-2,T1R6C2,2011-2636-1 22,2/29/24,3/7/24,4/12/24,Oertli - Main Greenhouse - Table 17,NA,183,16
Boltonia decurrens,6-3-7,T6R3C7,2011-2609-1 18C,2/29/24,3/10/24,4/12/24,Oertli - Main Greenhouse - Table 17,NA,184,16
Boltonia decurrens,9-2-4,T9R2C4,2011-2650-1 21A,2/29/24,3/9/24,4/12/24,Oertli - Main Greenhouse - Table 17,NA,185,16
Boltonia decurrens,10-3-3,T10R3C3,2011-2661-1 12A,3/1/24,3/8/24,4/12/24,Oertli - Main Greenhouse - Table 17,NA,186,16
Boltonia decurrens,4-1-4,T4R1C4,2011-2675-1 16A,2/29/24,3/6/24,4/12/24,Oertli - Main Greenhouse - Table 17,NA,187,16
Boltonia decurrens,2-2-3,T2R2C3,2011-2675-1 3C,2/29/24,3/7/24,4/12/24,Oertli - Main Greenhouse - Table 17,NA,188,16
Boltonia decurrens,8-3-9,T8R3C9,2011-2666-1 3B,2/29/24,3/7/24,4/12/24,Oertli - Main Greenhouse - Table 17,NA,189,16
Boltonia decurrens,8-2-5,T8R2C5,2011-2598-1 L12A,2/29/24,3/8/24,4/12/24,Oertli - Main Greenhouse - Table 17,NA,190,16
Boltonia decurrens,7-3-9,T7R3C9,2011-2629-1 11B,2/29/24,3/14/24,4/12/24,Oertli - Main Greenhouse - Table 17,NA,191,16
Boltonia decurrens,3-3-11,T3R3C11,2011-2638-1 6A,2/29/24,3/6/24,4/12/24,Oertli - Main Greenhouse - Table 17,Most leaves dry and brown,192,16
Boltonia decurrens,6-1-7,T6R1C7,2011-2664-1 16,2/29/24,3/7/24,4/12/24,Oertli - Main Greenhouse - Table 17,NA,193,17
Boltonia decurrens,2-3-4,T2R3C4,2011-2636-1 30,2/29/24,3/7/24,4/12/24,Oertli - Main Greenhouse - Table 17,NA,194,17
Boltonia decurrens,6-1-10,T6R1C10,2011-2629-1 7C,2/29/24,3/7/24,4/12/24,Oertli - Main Greenhouse - Table 17,NA,195,17
Boltonia decurrens,10-1-5,T10R1C5,2011-2599-1 19,3/1/24,3/10/24,4/12/24,Oertli - Main Greenhouse - Table 17,NA,196,17
Boltonia decurrens,5-3-10,T5R3C10,2011-2659-1 5A,2/29/24,3/7/24,4/12/24,Oertli - Main Greenhouse - Table 17,NA,197,17
Boltonia decurrens,7-4-2,T7R4C2,2011-2620-1 15B,2/29/24,3/9/24,4/12/24,Oertli - Main Greenhouse - Table 17,NA,198,17
Boltonia decurrens,8-5-3,T8R5C3,2011-2636-1 1,2/29/24,3/8/24,4/12/24,Oertli - Main Greenhouse - Table 17,NA,199,17
Boltonia decurrens,8-1-5,T8R1C5,2011-2620-1 30B,2/29/24,3/9/24,4/12/24,Oertli - Main Greenhouse - Table 17,NA,200,17
Boltonia decurrens,4-6-9,T4R6C9,2011-2650-1 8B,2/29/24,3/7/24,4/12/24,Oertli - Main Greenhouse - Table 17,NA,201,17
Boltonia decurrens,6-1-4,T6R1C4,2011-2666-1 7B,2/29/24,3/6/24,4/12/24,Oertli - Main Greenhouse - Table 17,NA,202,17
Boltonia decurrens,8-3-3,T8R3C3,2011-2609-1 X1,2/29/24,3/15/24,4/12/24,Oertli - Main Greenhouse - Table 17,NA,203,17
Boltonia decurrens,10-1-10,T10R1C10,2011-2620-1 6A,3/1/24,3/8/24,4/12/24,Oertli - Main Greenhouse - Table 17,NA,204,17
Boltonia decurrens,6-5-5,T6R5C5,2011-2623-1 27B,2/29/24,3/7/24,4/12/24,Oertli - Main Greenhouse - Table 17,NA,205,18
Boltonia decurrens,2-6-2,T2R6C2,2011-2636-1 7,2/29/24,3/7/24,4/12/24,Oertli - Main Greenhouse - Table 17,NA,206,18
Boltonia decurrens,4-2-4,T4R2C4,2011-2666-1 6B,2/29/24,3/9/24,4/12/24,Oertli - Main Greenhouse - Table 17,NA,207,18
Boltonia decurrens,7-5-10,T7R5C10,2011-2629-1 3B,2/29/24,3/9/24,4/12/24,Oertli - Main Greenhouse - Table 17,NA,208,18
Boltonia decurrens,13-2-1,T13R2C1,2011-2623-1 11A,3/2/24,3/12/24,4/12/24,Oertli - Main Greenhouse - Table 17,NA,209,18
Boltonia decurrens,9-3-4,T9R3C4,2011-2598-1 S16A,2/29/24,3/7/24,4/12/24,Oertli - Main Greenhouse - Table 17,NA,210,18
Boltonia decurrens,8-1-2,T8R1C2,2011-2635-1 31,2/29/24,3/10/24,4/12/24,Oertli - Main Greenhouse - Table 17,NA,211,18
Boltonia decurrens,12-6-2,T12R6C2,2011-2675-1 10A,3/1/24,Unknown,4/12/24,Oertli - Main Greenhouse - Table 17,Small stature at time of transplant,212,18
Boltonia decurrens,5-1-5,T5R1C5,2011-2635-1 35?,2/29/24,3/7/24,4/12/24,Oertli - Main Greenhouse - Table 17,NA,213,18
Boltonia decurrens,11-5-6,T11R5C6,2011-2609-1 7C,3/1/24,3/10/24,4/12/24,Oertli - Main Greenhouse - Table 17,NA,214,18
Boltonia decurrens,4-1-10,T4R1C10,2011-2664-1 1,2/29/24,3/7/24,4/12/24,Oertli - Main Greenhouse - Table 17,NA,215,18
Boltonia decurrens,2-4-8,T2R4C8,2011-2636-1 21,2/29/24,3/10/24,4/12/24,Oertli - Main Greenhouse - Table 17,NA,216,18
Boltonia decurrens,7-1-4,T7R1C4,2011-2650-1 18A,2/29/24,3/7/24,4/12/24,Oertli - Main Greenhouse - Table 17,NA,217,19
Boltonia decurrens,3-6-9,T3R6C9,2011-2598-1 L14A,2/29/24,3/8/24,4/12/24,Oertli - Main Greenhouse - Table 17,"Most leaves dry and brown, possibly resprouting",218,19
Boltonia decurrens,3-2-1,T3R2C1,2011-2661-1 25A,2/29/24,3/7/24,4/12/24,Oertli - Main Greenhouse - Table 17,"Double planted, both plants transplanted",219,19
Boltonia decurrens,10-6-2,T10R6C2,2011-2675-1 12B,3/1/24,3/8/24,4/12/24,Oertli - Main Greenhouse - Table 17,NA,220,19
Boltonia decurrens,6-6-10,T6R6C10,2011-2629-1 14A,2/29/24,3/8/24,4/12/24,Oertli - Main Greenhouse - Table 17,NA,221,19
Boltonia decurrens,3-4-11,T3R4C11,2011-2661-1 15A,2/29/24,3/8/24,4/12/24,Oertli - Main Greenhouse - Table 17,"Most leaves dry and brown, possibly resprouting",222,19
Boltonia decurrens,10-2-9,T10R2C9,2011-2636-1 9,3/1/24,3/8/24,4/12/24,Oertli - Main Greenhouse - Table 17,NA,223,19
Boltonia decurrens,8-6-4,T8R6C4,2011-2638-1 12C,2/29/24,3/9/24,4/12/24,Oertli - Main Greenhouse - Table 17,NA,224,19
Boltonia decurrens,8-5-8,T8R5C8,2011-2598-1 S6B,2/29/24,3/8/24,4/12/24,Oertli - Main Greenhouse - Table 17,NA,225,19
Boltonia decurrens,6-2-7,T6R2C7,2011-2599-1 4,2/29/24,3/8/24,4/12/24,Oertli - Main Greenhouse - Table 17,NA,226,19
Boltonia decurrens,7-5-4,T7R5C4,2011-2613-1 18A,2/29/24,3/16/24,4/12/24,Oertli - Main Greenhouse - Table 17,NA,227,19
Boltonia decurrens,9-3-8,T9R3C8,2011-2629-1 30A,2/29/24,3/9/24,4/12/24,Oertli - Main Greenhouse - Table 17,NA,228,19
Boltonia decurrens,2-1-8,T2R1C8,2011-2618-1 26A,2/29/24,3/6/24,4/12/24,Oertli - Main Greenhouse - Table 17,NA,229,20
Boltonia decurrens,1-6-9,T1R6C9,2011-2618-1 1B,2/29/24,3/6/24,4/12/24,Oertli - Main Greenhouse - Table 17,"All leaves dry and brown, roots intact",230,20
Boltonia decurrens,2-3-6,T2R3C6,2011-2666-1 11B,2/29/24,3/6/24,4/12/24,Oertli - Main Greenhouse - Table 17,NA,231,20
Boltonia decurrens,7-4-12,T7R4C12,2011-2650-1 6B,2/29/24,3/7/24,4/12/24,Oertli - Main Greenhouse - Table 17,Very poor condition at time of transplant,232,20
Boltonia decurrens,8-1-4,T8R1C4,2011-2623-1 14B,2/29/24,3/8/24,4/12/24,Oertli - Main Greenhouse - Table 17,NA,233,20
Boltonia decurrens,4-5-12,T4R5C12,2011-2659-1 15A,2/29/24,3/6/24,4/12/24,Oertli - Main Greenhouse - Table 17,NA,234,20
Boltonia decurrens,3-1-3,T3R1C3,2011-2675-1 15B,2/29/24,3/6/24,4/12/24,Oertli - Main Greenhouse - Table 17,Most leaves dry and brown,235,20
Boltonia decurrens,2-5-3,T2R5C3,2011-2638-1 20C,2/29/24,3/7/24,4/12/24,Oertli - Main Greenhouse - Table 17,NA,236,20
Boltonia decurrens,4-6-1,T4R6C1,2011-2659-1 2A,2/29/24,3/16/24,4/12/24,Oertli - Main Greenhouse - Table 17,NA,237,20
Boltonia decurrens,1-4-10,T1R4C10,2011-2659-1 5A,2/28/24,3/18/24,4/12/24,Oertli - Main Greenhouse - Table 17,Small stature at time of transplant,238,20
Boltonia decurrens,8-2-7,T8R2C7,2011-2659-1 11A,2/29/24,3/7/24,4/12/24,Oertli - Main Greenhouse - Table 17,NA,239,20
Boltonia decurrens,3-5-8,T3R5C8,2011-2661-1 2A,2/29/24,3/6/24,4/12/24,Oertli - Main Greenhouse - Table 17,"All leaves dry and brown, roots in poor condition",240,20
Boltonia decurrens,2-4-3,T2R4C3,2011-2666-1 18A,2/29/24,3/7/24,4/12/24,Oertli - Main Greenhouse - Table 17,NA,241,21
Boltonia decurrens,7-4-10,T7R4C10,2011-2659-1 9A,2/29/24,3/5/24,4/12/24,Oertli - Main Greenhouse - Table 17,"Likely dead, transplanted regardless",242,21
Boltonia decurrens,6-1-5,T6R1C5,2011-2666-1 7B,2/29/24,3/6/24,4/12/24,Oertli - Main Greenhouse - Table 17,NA,243,21
Boltonia decurrens,8-5-1,T8R5C1,2011-2620-1 12B,2/29/24,3/8/24,4/12/24,Oertli - Main Greenhouse - Table 17,NA,244,21
Boltonia decurrens,10-5-2,T10R5C2,2011-2620-1 27A,3/1/24,3/9/24,4/12/24,Oertli - Main Greenhouse - Table 17,NA,245,21
Boltonia decurrens,3-2-2,T3R2C2,2011-2613-1 29A,2/29/24,3/8/24,4/12/24,Oertli - Main Greenhouse - Table 17,NA,246,21
Boltonia decurrens,3-2-12,T3R2C12,2011-2635-1 28,2/29/24,3/6/24,4/12/24,Oertli - Main Greenhouse - Table 17,"Some leaves browning, roots intact, possibly resprouting",247,21
Boltonia decurrens,8-4-1,T8R4C1,2011-2635-1 26,2/29/24,3/18/24,4/12/24,Oertli - Main Greenhouse - Table 17,NA,248,21
Boltonia decurrens,10-3-1,T10R3C1,2011-2661-1 23A,3/1/24,3/12/24,4/12/24,Oertli - Main Greenhouse - Table 17,NA,249,21
Boltonia decurrens,8-5-7,T8R5C7,2011-2598-1 S6B,2/29/24,3/6/24,4/12/24,Oertli - Main Greenhouse - Table 17,NA,250,21
Boltonia decurrens,12-5-3,T12R5C3,2011-2638-1 17A,3/1/24,3/8/24,4/12/24,Oertli - Main Greenhouse - Table 17,NA,251,21
Boltonia decurrens,6-6-4,T6R6C4,2011-2636-1 10,2/29/24,3/7/24,4/12/24,Oertli - Main Greenhouse - Table 17,NA,252,21
Boltonia decurrens,2-6-11,T2R6C11,2011-2675-1 25A,2/29/24,3/7/24,4/12/24,Oertli - Main Greenhouse - Table 17,NA,253,22
Boltonia decurrens,2-5-2,T2R5C2,2011-2638-1 20C,2/29/24,3/7/24,4/12/24,Oertli - Main Greenhouse - Table 17,"Double planted, both plants transplanted",254,22
Boltonia decurrens,10-4-3,T10R4C3,2011-2599-1 27,3/1/24,3/7/24,4/12/24,Oertli - Main Greenhouse - Table 17,NA,255,22
Boltonia decurrens,2-5-1,T2R5C1,2011-2638-1 20C,2/29/24,3/10/24,4/12/24,Oertli - Main Greenhouse - Table 17,NA,256,22
Boltonia decurrens,2-3-9,T2R3C9,2011-2650-1 1A,2/29/24,3/10/24,4/12/24,Oertli - Main Greenhouse - Table 17,NA,257,22
Boltonia decurrens,5-2-2,T5R2C2,2011-2623-1 19A,2/29/24,3/9/24,4/12/24,Oertli - Main Greenhouse - Table 17,NA,258,22
Boltonia decurrens,9-1-9,T9R1C9,2011-2598-1 S10D,2/29/24,3/6/24,4/12/24,Oertli - Main Greenhouse - Table 17,NA,259,22
Boltonia decurrens,1-6-12,T1R6C12,2011-2636-1 19,2/29/24,3/7/24,4/12/24,Oertli - Main Greenhouse - Table 17,NA,260,22
Boltonia decurrens,12-5-11,T12R5C11,2011-2635-1 13,3/1/24,3/9/24,4/12/24,Oertli - Main Greenhouse - Table 17,NA,261,22
Boltonia decurrens,5-2-5,T5R2C5,2011-2599-1 11,2/29/24,3/6/24,4/12/24,Oertli - Main Greenhouse - Table 17,NA,262,22
Boltonia decurrens,9-4-9,T9R4C9,2011-2618-1 20C,2/29/24,3/6/24,4/12/24,Oertli - Main Greenhouse - Table 17,NA,263,22
Boltonia decurrens,5-4-10,T5R4C10,2011-2598-1 S15B,2/29/24,3/9/24,4/12/24,Oertli - Main Greenhouse - Table 17,NA,264,22
Boltonia decurrens,10-6-1,T10R6C1,2011-2675-1 12B,3/1/24,3/12/24,4/12/24,Oertli - Main Greenhouse - Table 17,NA,265,23
Boltonia decurrens,9-6-4,T9R6C4,2011-2609-1 9C,3/1/24,3/10/24,4/12/24,Oertli - Main Greenhouse - Table 17,NA,266,23
Boltonia decurrens,2-1-12,T2R1C12,2011-2598-1 S11C,2/29/24,3/7/24,4/12/24,Oertli - Main Greenhouse - Table 17,NA,267,23
Boltonia decurrens,6-2-5,T6R2C5,2011-2629-1 9A,2/29/24,3/9/24,4/12/24,Oertli - Main Greenhouse - Table 17,NA,268,23
Boltonia decurrens,7-1-7,T7R1C7,2011-2650-1 27B,2/29/24,3/6/24,4/12/24,Oertli - Main Greenhouse - Table 17,"Very poor condition, possibly dead",269,23
Boltonia decurrens,2-2-5,T2R2C5,2011-2666-1 28A,2/29/24,3/7/24,4/12/24,Oertli - Main Greenhouse - Table 17,NA,270,23
Boltonia decurrens,6-4-8,T6R4C8,2011-2613-1 1A,2/29/24,3/7/24,4/12/24,Oertli - Main Greenhouse - Table 17,NA,271,23
Boltonia decurrens,6-3-1,T6R3C1,2011-2675-1 28C,2/29/24,3/8/24,4/12/24,Oertli - Main Greenhouse - Table 17,NA,272,23
Boltonia decurrens,7-4-11,T7R4C11,2011-2620-1 4C,2/29/24,3/10/24,4/12/24,Oertli - Main Greenhouse - Table 17,NA,273,23
Boltonia decurrens,8-4-8,T8R4C8,2011-2613-1 22A,2/29/24,3/8/24,4/12/24,Oertli - Main Greenhouse - Table 17,NA,274,23
Boltonia decurrens,2-1-11,T2R1C11,2011-2650-1 15B,2/29/24,3/7/24,4/12/24,Oertli - Main Greenhouse - Table 17,NA,275,23
Boltonia decurrens,3-5-6,T3R5C6,2011-2661-1 4A,2/29/24,3/7/24,4/12/24,Oertli - Main Greenhouse - Table 17,Most leaves dry and browning,276,23
Boltonia decurrens,3-1-9,T3R1C9,2011-2638-1 15C,2/29/24,3/7/24,4/12/24,Oertli - Main Greenhouse - Table 17,Most leaves dry and brown,277,24
Boltonia decurrens,8-1-9,T8R1C9,2011-2638-1 18A,2/29/24,3/7/24,4/12/24,Oertli - Main Greenhouse - Table 17,NA,278,24
Boltonia decurrens,2-2-1,T2R2C1,2011-2598-1 S11C,2/29/24,3/7/24,4/12/24,Oertli - Main Greenhouse - Table 17,NA,279,24
Boltonia decurrens,6-1-1,T6R1C1,2011-2623-1 30C,2/29/24,3/7/24,4/12/24,Oertli - Main Greenhouse - Table 17,NA,280,24
Boltonia decurrens,5-3-12,T5R3C12,2011-2635-1 17,2/29/24,3/13/24,4/12/24,Oertli - Main Greenhouse - Table 17,NA,281,24
Boltonia decurrens,4-6-6,T4R6C6,2011-2623-1 4A,2/29/24,3/8/24,4/12/24,Oertli - Main Greenhouse - Table 17,NA,282,24
Boltonia decurrens,5-4-1,T5R4C1,2011-2599-1 9,2/29/24,3/10/24,4/12/24,Oertli - Main Greenhouse - Table 17,NA,283,24
Boltonia decurrens,9-2-3,T9R2C3,2011-2638-1 24B,2/29/24,3/9/24,4/12/24,Oertli - Main Greenhouse - Table 17,Some leaves browning,284,24
Boltonia decurrens,10-2-12,T10R2C12,2011-2675-1 9B,3/1/24,3/8/24,4/12/24,Oertli - Main Greenhouse - Table 17,NA,285,24
Boltonia decurrens,12-4-10,T12R4C10,2011-2638-1 1C,3/1/24,3/7/24,4/12/24,Oertli - Main Greenhouse - Table 17,NA,286,24
Boltonia decurrens,6-6-3,T6R6C3,2011-2675-1 23A,2/29/24,3/9/24,4/12/24,Oertli - Main Greenhouse - Table 17,NA,287,24
Boltonia decurrens,1-3-10,T1R3C10,2011-2598-1 L12A,2/28/24,3/5/24,4/12/24,Oertli - Main Greenhouse - Table 17,NA,288,24
Boltonia decurrens,3-2-10,T3R2C10,2011-2664-1 8,2/29/24,3/7/24,4/12/24,Oertli - Main Greenhouse - Table 17,"All leaves dry and brown, roots in poor condition",289,25
Boltonia decurrens,3-1-11,T3R1C11,2011-2650-1 11B,2/29/24,3/7/24,4/12/24,Oertli - Main Greenhouse - Table 17,"Most leaves dry and brown, resprouting",290,25
Boltonia decurrens,6-2-4,T6R2C4,2011-2629-1 9A,2/29/24,3/8/24,4/12/24,Oertli - Main Greenhouse - Table 17,NA,291,25
Boltonia decurrens,7-1-10,T7R1C10,2011-2661-1 18B,2/29/24,3/9/24,4/12/24,Oertli - Main Greenhouse - Table 17,Very poor condition at time of transplant,292,25
Boltonia decurrens,2-2-10,T2R2C10,2011-2638-1 13A,2/29/24,3/7/24,4/12/24,Oertli - Main Greenhouse - Table 17,NA,293,25
Boltonia decurrens,6-1-11,T6R1C11,2011-2629-1 6C,2/29/24,3/7/24,4/12/24,Oertli - Main Greenhouse - Table 17,NA,294,25
Boltonia decurrens,7-1-1,T7R1C1,2011-2638-1 30B,2/29/24,3/9/24,4/12/24,Oertli - Main Greenhouse - Table 17,NA,295,25
Boltonia decurrens,9-5-9,T9R5C9,2011-2661-1 13A,3/1/24,3/8/24,4/12/24,Oertli - Main Greenhouse - Table 17,NA,296,25
Boltonia decurrens,2-6-7,T2R6C7,2011-2598-1 L13B,2/29/24,3/21/24,4/12/24,Oertli - Main Greenhouse - Table 17,Very small stature at time of transplant,297,25
Boltonia decurrens,8-4-5,T8R4C5,2011-2635-1 15,2/29/24,3/7/24,4/12/24,Oertli - Main Greenhouse - Table 17,NA,298,25
Boltonia decurrens,9-2-11,T9R2C11,2011-2629-1 5A,2/29/24,3/10/24,4/12/24,Oertli - Main Greenhouse - Table 17,"Double planted, both plants transplanted",299,25
Boltonia decurrens,3-1-10,T3R1C10,2011-2638-1 15C,2/29/24,3/7/24,4/12/24,Oertli - Main Greenhouse - Table 17,"All leaves dry and brown, roots in poor condition",300,25
Boltonia decurrens,10-3-2,T10R3C2,2011-2661-1 23A,3/1/24,3/12/24,4/12/24,Oertli - Main Greenhouse - Table 17,NA,301,26
Boltonia decurrens,9-2-1,T9R2C1,2011-2659-1 1B,2/29/24,3/8/24,4/12/24,Oertli - Main Greenhouse - Table 17,Most leaves dry and brown,302,26
Boltonia decurrens,8-6-7,T8R6C7,2011-2609-1 X2,2/29/24,3/8/24,4/12/24,Oertli - Main Greenhouse - Table 17,NA,303,26
Boltonia decurrens,12-5-8,T12R5C8,2011-2650-1 17A,3/1/24,3/12/24,4/12/24,Oertli - Main Greenhouse - Table 17,NA,304,26
Boltonia decurrens,1-1-6,T1R1C6,2011-2666-1 3A,2/28/24,3/10/24,4/12/24,Oertli - Main Greenhouse - Table 17,NA,305,26
Boltonia decurrens,2-4-10,T2R4C10,2011-2664-1 15,2/29/24,3/9/24,4/12/24,Oertli - Main Greenhouse - Table 17,NA,306,26
Boltonia decurrens,4-2-10,T4R2C10,2011-2659-1 13A,2/29/24,3/6/24,4/12/24,Oertli - Main Greenhouse - Table 17,NA,307,26
Boltonia decurrens,2-5-6,T2R5C6,2011-2635-1 4,2/29/24,3/6/24,4/12/24,Oertli - Main Greenhouse - Table 17,NA,308,26
Boltonia decurrens,3-5-9,T3R5C9,2011-2661-1 2A,2/29/24,3/6/24,4/12/24,Oertli - Main Greenhouse - Table 17,"All leaves dry and brown, roots in poor condition",309,26
Boltonia decurrens,9-6-7,T9R6C7,2011-2661-1 25A,3/1/24,3/6/24,4/12/24,Oertli - Main Greenhouse - Table 17,NA,310,26
Boltonia decurrens,6-5-12,T6R5C12,2011-2613-1 9A,2/29/24,3/7/24,4/12/24,Oertli - Main Greenhouse - Table 17,NA,311,26
Boltonia decurrens,10-6-10,T10R6C10,2011-2613-1 16A,3/1/24,3/10/24,4/12/24,Oertli - Main Greenhouse - Table 17,NA,312,26
Boltonia decurrens,2-3-8,T2R3C8,2011-2666-1 11B,2/29/24,3/6/24,4/12/24,Oertli - Main Greenhouse - Table 17,NA,313,27
Boltonia decurrens,6-4-2,T6R4C2,2011-2636-1 5,2/29/24,3/7/24,4/12/24,Oertli - Main Greenhouse - Table 17,NA,314,27
Boltonia decurrens,7-1-11,T7R1C11,2011-2661-1 18B,2/29/24,3/8/24,4/12/24,Oertli - Main Greenhouse - Table 17,Very poor condition at time of transplant,315,27
Boltonia decurrens,5-6-10,T5R6C10,2011-2629-1 22B,2/29/24,3/12/24,4/12/24,Oertli - Main Greenhouse - Table 17,NA,316,27
Boltonia decurrens,5-5-12,T5R5C12,2011-2618-1 30B,2/29/24,3/12/24,4/12/24,Oertli - Main Greenhouse - Table 17,NA,317,27
Boltonia decurrens,9-1-7,T9R1C7,2011-2666-1 27A,2/29/24,3/8/24,4/12/24,Oertli - Main Greenhouse - Table 17,"Most leaves dry and brown, roots intact",318,27
Boltonia decurrens,9-6-12,T9R6C12,2011-2636-1 15,3/1/24,3/12/24,4/12/24,Oertli - Main Greenhouse - Table 17,NA,319,27
Boltonia decurrens,6-4-10,T6R4C10,2011-2598-1 S17A,2/29/24,3/12/24,4/12/24,Oertli - Main Greenhouse - Table 17,NA,320,27
Boltonia decurrens,10-3-9,T10R3C9,2011-2599-1 16,3/1/24,3/8/24,4/12/24,Oertli - Main Greenhouse - Table 17,NA,321,27
Boltonia decurrens,4-3-6,T4R3C6,2011-2666-1 19C,2/29/24,3/9/24,4/12/24,Oertli - Main Greenhouse - Table 17,NA,322,27
Boltonia decurrens,10-6-3,T10R6C3,2011-2675-1 12B,3/1/24,3/8/24,4/12/24,Oertli - Main Greenhouse - Table 17,NA,323,27
Boltonia decurrens,8-2-9,T8R2C9,2011-2609-1 5C,2/29/24,3/7/24,4/12/24,Oertli - Main Greenhouse - Table 17,NA,324,27
Boltonia decurrens,9-2-6,T9R2C6,2011-2650-1 21A,2/29/24,3/7/24,4/12/24,Oertli - Main Greenhouse - Table 17,"Most leaves dry and brown, roots intact",325,28
Boltonia decurrens,8-4-9,T8R4C9,2011-2609-1 7C,2/29/24,3/8/24,4/12/24,Oertli - Main Greenhouse - Table 17,NA,326,28
Boltonia decurrens,9-3-6,T9R3C6,2011-2638-1 8B,2/29/24,3/6/24,4/12/24,Oertli - Main Greenhouse - Table 17,NA,327,28
Boltonia decurrens,13-1-6,T13R1C6,2011-2636-1 12,3/2/24,3/10/24,4/12/24,Oertli - Main Greenhouse - Table 17,NA,328,28
Boltonia decurrens,5-6-3,T5R6C3,2011-2629-1 28C,2/29/24,3/7/24,4/12/24,Oertli - Main Greenhouse - Table 17,NA,329,28
Boltonia decurrens,12-3-9,T12R3C9,2011-2650-1 10C,3/1/24,3/8/24,4/12/24,Oertli - Main Greenhouse - Table 17,NA,330,28
Boltonia decurrens,3-4-9,T3R4C9,2011-2661-1 22A,2/29/24,3/6/24,4/12/24,Oertli - Main Greenhouse - Table 17,NA,331,28
Boltonia decurrens,6-1-2,T6R1C2,2011-2623-1 30C,2/29/24,3/6/24,4/12/24,Oertli - Main Greenhouse - Table 17,NA,332,28
Boltonia decurrens,1-6-3,T1R6C3,2011-2636-1 22,2/29/24,3/19/24,4/12/24,Oertli - Main Greenhouse - Table 17,Very small stature at time of transplant,333,28
Boltonia decurrens,4-2-3,T4R2C3,2011-2666-1 6B,2/29/24,3/10/24,4/12/24,Oertli - Main Greenhouse - Table 17,NA,334,28
Boltonia decurrens,8-5-6,T8R5C6,2011-2598-1 S6B,2/29/24,3/25/24,4/12/24,Oertli - Main Greenhouse - Table 17,NA,335,28
Boltonia decurrens,10-5-7,T10R5C7,2011-2638-1 4B,3/1/24,3/7/24,4/12/24,Oertli - Main Greenhouse - Table 17,NA,336,28
Boltonia decurrens,8-4-6,T8R4C6,2011-2613-1 22A,2/29/24,3/7/24,4/12/24,Oertli - Main Greenhouse - Table 17,NA,337,29
Boltonia decurrens,12-6-3,T12R6C3,2011-2650-1 13C,3/1/24,3/12/24,4/12/24,Oertli - Main Greenhouse - Table 17,NA,338,29
Boltonia decurrens,12-5-12,T12R5C12,2011-2613-1 3A,3/1/24,3/10/24,4/12/24,Oertli - Main Greenhouse - Table 17,NA,339,29
Boltonia decurrens,3-4-2,T3R4C2,2011-2636-1 4,2/29/24,3/13/24,4/12/24,Oertli - Main Greenhouse - Table 17,NA,340,29
Boltonia decurrens,10-6-4,T10R6C4,2011-2664-1 30,3/1/24,3/14/24,4/12/24,Oertli - Main Greenhouse - Table 17,NA,341,29
Boltonia decurrens,11-5-2,T11R5C2,2011-2650-1 29B,3/1/24,3/10/24,4/12/24,Oertli - Main Greenhouse - Table 17,NA,342,29
Boltonia decurrens,3-5-12,T3R5C12,2011-2638-1 11B,2/29/24,3/6/24,4/12/24,Oertli - Main Greenhouse - Table 17,Some leaves browning,343,29
Boltonia decurrens,9-2-12,T9R2C12,2011-2629-1 5A,2/29/24,3/8/24,4/12/24,Oertli - Main Greenhouse - Table 17,"Double planted, both plants transplanted",344,29
Boltonia decurrens,11-1-8,T11R1C8,2011-2623-1 6B,3/1/24,3/10/24,4/12/24,Oertli - Main Greenhouse - Table 17,NA,345,29
Boltonia decurrens,2-5-8,T2R5C8,2011-2609-1 15A,2/29/24,3/6/24,4/12/24,Oertli - Main Greenhouse - Table 17,NA,346,29
Boltonia decurrens,3-4-1,T3R4C1,2011-2636-1 4,2/29/24,3/25/24,4/12/24,Oertli - Main Greenhouse - Table 17,NA,347,29
Boltonia decurrens,1-6-1,T1R6C1,2011-2636-1 22,2/29/24,3/8/24,4/12/24,Oertli - Main Greenhouse - Table 17,NA,348,29
Boltonia decurrens,8-6-5,T8R6C5,2011-2638-1 12C,2/29/24,3/15/24,4/12/24,Oertli - Main Greenhouse - Table 17,NA,349,30
Boltonia decurrens,7-3-7,T7R3C7,2011-2664-1 28,2/29/24,3/14/24,4/12/24,Oertli - Main Greenhouse - Table 17,NA,350,30
Boltonia decurrens,3-5-11,T3R5C11,2011-2638-1 11B,2/29/24,3/6/24,4/12/24,Oertli - Main Greenhouse - Table 17,Most leaves dry and browning,351,30
Boltonia decurrens,6-3-3,T6R3C3,2011-2618-1 7B,2/29/24,3/6/24,4/12/24,Oertli - Main Greenhouse - Table 17,NA,352,30
Boltonia decurrens,2-5-7,T2R5C7,2011-2623-1 28C,2/29/24,3/5/24,4/12/24,Oertli - Main Greenhouse - Table 17,NA,353,30
Boltonia decurrens,9-4-10,T9R4C10,2011-2618-1 20C,2/29/24,3/6/24,4/12/24,Oertli - Main Greenhouse - Table 17,NA,354,30
Boltonia decurrens,1-4-7,T1R4C7,2011-2613-1 24A,2/28/24,3/13/24,4/12/24,Oertli - Main Greenhouse - Table 17,NA,355,30
Boltonia decurrens,9-3-3,T9R3C3,2011-2598-1 S16A,2/29/24,3/9/24,4/12/24,Oertli - Main Greenhouse - Table 17,NA,356,30
Boltonia decurrens,2-6-1,T2R6C1,2011-2636-1 7,2/29/24,3/6/24,4/12/24,Oertli - Main Greenhouse - Table 17,NA,357,30
Boltonia decurrens,10-4-6,T10R4C6,2011-2620-1 13A,3/1/24,3/7/24,4/12/24,Oertli - Main Greenhouse - Table 17,NA,358,30
Boltonia decurrens,2-5-4,T2R5C4,2011-2635-1 4,2/29/24,3/7/24,4/12/24,Oertli - Main Greenhouse - Table 17,NA,359,30
Boltonia decurrens,2-6-9,T2R6C9,2011-2598-1 L13B,2/29/24,3/8/24,4/12/24,Oertli - Main Greenhouse - Table 17,NA,360,30
Boltonia decurrens,9-3-2,T9R3C2,2011-2598-1 S16A,2/29/24,3/7/24,4/12/24,Oertli - Main Greenhouse - Table 17,Some leaves browning,361,31
Boltonia decurrens,6-1-8,T6R1C8,2011-2629-1 7C,2/29/24,3/10/24,4/12/24,Oertli - Main Greenhouse - Table 17,NA,362,31
Boltonia decurrens,8-6-10,T8R6C10,2011-2620-1 10A,2/29/24,3/8/24,4/12/24,Oertli - Main Greenhouse - Table 17,NA,363,31
Boltonia decurrens,11-1-2,T11R1C2,2011-2620-1 2C,3/1/24,3/10/24,4/12/24,Oertli - Main Greenhouse - Table 17,NA,364,31
Boltonia decurrens,4-2-9,T4R2C9,2011-2623-1 18B,2/29/24,3/7/24,4/12/24,Oertli - Main Greenhouse - Table 17,NA,365,31
Boltonia decurrens,2-2-9,T2R2C9,2011-2644-1 30,2/29/24,3/7/24,4/12/24,Oertli - Main Greenhouse - Table 17,NA,366,31
Boltonia decurrens,3-6-8,T3R6C8,2011-2598-1 L14A,2/29/24,3/10/24,4/12/24,Oertli - Main Greenhouse - Table 17,"Most leaves dry and brown, possibly resprouting",367,31
Boltonia decurrens,6-4-6,T6R4C6,2011-2599-1 7,2/29/24,3/6/24,4/12/24,Oertli - Main Greenhouse - Table 17,NA,368,31
Boltonia decurrens,5-4-11,T5R4C11,2011-2598-1 S15B,2/29/24,3/7/24,4/12/24,Oertli - Main Greenhouse - Table 17,NA,369,31
Boltonia decurrens,10-1-8,T10R1C8,2011-2650-1 11B,3/1/24,3/10/24,4/12/24,Oertli - Main Greenhouse - Table 17,NA,370,31
Boltonia decurrens,4-2-1,T4R2C1,2011-2659-1 10C,2/29/24,3/7/24,4/12/24,Oertli - Main Greenhouse - Table 17,NA,371,31
Boltonia decurrens,1-4-11,T1R4C11,2011-2659-1 1B,2/28/24,3/7/24,4/12/24,Oertli - Main Greenhouse - Table 17,NA,372,31
Boltonia decurrens,10-6-8,T10R6C8,2011-2638-1 28A,3/1/24,3/7/24,4/12/24,Oertli - Main Greenhouse - Table 17,NA,373,32
Boltonia decurrens,1-6-4,T1R6C4,2011-2664-1 14,2/29/24,3/18/24,4/12/24,Oertli - Main Greenhouse - Table 17,NA,374,32
Boltonia decurrens,5-6-4,T5R6C4,2011-2629-1 28C,2/29/24,3/7/24,4/12/24,Oertli - Main Greenhouse - Table 17,NA,375,32
Boltonia decurrens,10-3-7,T10R3C7,2011-2638-1 21C,3/1/24,Unknown,4/12/24,Oertli - Main Greenhouse - Table 17,Very small stature at time of transplant,376,32
Boltonia decurrens,2-5-10,T2R5C10,2011-2675-1 5A,2/29/24,3/6/24,4/12/24,Oertli - Main Greenhouse - Table 17,NA,377,32
Boltonia decurrens,5-1-3,T5R1C3,2011-2636-1 18,2/29/24,3/7/24,4/12/24,Oertli - Main Greenhouse - Table 17,NA,378,32
Boltonia decurrens,10-4-11,T10R4C11,2011-2666-1 26C,3/1/24,3/10/24,4/12/24,Oertli - Main Greenhouse - Table 17,NA,379,32
Boltonia decurrens,10-1-11,T10R1C11,2011-2620-1 6A,3/1/24,3/8/24,4/12/24,Oertli - Main Greenhouse - Table 17,NA,380,32
Boltonia decurrens,8-6-11,T8R6C11,2011-2620-1 10A,2/29/24,3/9/24,4/12/24,Oertli - Main Greenhouse - Table 17,NA,381,32
Boltonia decurrens,3-4-7,T3R4C7,2011-2638-1 4B,2/29/24,3/9/24,4/12/24,Oertli - Main Greenhouse - Table 17,"Most leaves dry and brown, possibly resprouting",382,32
Boltonia decurrens,6-2-10,T6R2C10,2011-2618-1 24B,2/29/24,3/12/24,4/12/24,Oertli - Main Greenhouse - Table 17,NA,383,32
Boltonia decurrens,4-4-10,T4R4C10,2011-2598-1 S25D,2/29/24,3/7/24,4/12/24,Oertli - Main Greenhouse - Table 17,NA,384,32
Boltonia decurrens,10-2-5,T10R2C5,2011-2638-1 3A,3/1/24,3/8/24,4/12/24,Oertli - Main Greenhouse - Table 17,NA,385,33
Boltonia decurrens,5-4-9,T5R4C9,2011-2623-1 1B,2/29/24,3/8/24,4/12/24,Oertli - Main Greenhouse - Table 17,NA,386,33
Boltonia decurrens,4-6-11,T4R6C11,2011-2659-1 12B,2/29/24,3/6/24,4/12/24,Oertli - Main Greenhouse - Table 17,NA,387,33
Boltonia decurrens,9-6-2,T9R6C2,2011-2664-1 14,3/1/24,3/10/24,4/12/24,Oertli - Main Greenhouse - Table 17,NA,388,33
Boltonia decurrens,7-6-11,T7R6C11,2011-2618-1 5A,2/29/24,3/7/24,4/12/24,Oertli - Main Greenhouse - Table 17,NA,389,33
Boltonia decurrens,3-2-8,T3R2C8,2011-2664-1 8,2/29/24,3/8/24,4/12/24,Oertli - Main Greenhouse - Table 17,"All leaves dry and brown, roots in poor condition",390,33
Boltonia decurrens,10-2-8,T10R2C8,2011-2636-1 9,3/1/24,3/12/24,4/12/24,Oertli - Main Greenhouse - Table 17,NA,391,33
Boltonia decurrens,10-2-6,T10R2C6,2011-2638-1 3A,3/1/24,3/7/24,4/12/24,Oertli - Main Greenhouse - Table 17,NA,392,33
Boltonia decurrens,2-1-10,T2R1C10,2011-2650-1 15B,2/29/24,3/7/24,4/12/24,Oertli - Main Greenhouse - Table 17,NA,393,33
Boltonia decurrens,10-4-9,T10R4C9,2011-2664-1 26,3/1/24,3/7/24,4/12/24,Oertli - Main Greenhouse - Table 17,NA,394,33
Boltonia decurrens,6-1-9,T6R1C9,2011-2629-1 7C,2/29/24,3/6/24,4/12/24,Oertli - Main Greenhouse - Table 17,NA,395,33
Boltonia decurrens,3-5-2,T3R5C2,2011-2599-1 3,2/29/24,3/7/24,4/12/24,Oertli - Main Greenhouse - Table 17,NA,396,33
Boltonia decurrens,9-5-1,T9R5C1,2011-2664-1 11,2/29/24,3/10/24,4/12/24,Oertli - Main Greenhouse - Table 17,NA,397,34
Boltonia decurrens,2-2-4,T2R2C4,2011-2675-1 3C,2/29/24,3/8/24,4/12/24,Oertli - Main Greenhouse - Table 17,NA,398,34
Boltonia decurrens,7-4-1,T7R4C1,2011-2629-1 15A,2/29/24,3/9/24,4/12/24,Oertli - Main Greenhouse - Table 17,Poor condition at time of transplant,399,34
Boltonia decurrens,4-1-9,T4R1C9,2011-2664-1 1,2/29/24,3/7/24,4/12/24,Oertli - Main Greenhouse - Table 17,NA,400,34
Boltonia decurrens,4-5-7,T4R5C7,2011-2618-1 25A,2/29/24,3/12/24,4/12/24,Oertli - Main Greenhouse - Table 17,NA,401,34
Boltonia decurrens,2-3-7,T2R3C7,2011-2666-1 11B,2/29/24,3/6/24,4/12/24,Oertli - Main Greenhouse - Table 17,NA,402,34
Boltonia decurrens,4-5-10,T4R5C10,2011-2659-1 15A,2/29/24,3/5/24,4/12/24,Oertli - Main Greenhouse - Table 17,NA,403,34
Boltonia decurrens,10-3-4,T10R3C4,2011-2661-1 12A,3/1/24,3/8/24,4/12/24,Oertli - Main Greenhouse - Table 17,NA,404,34
Boltonia decurrens,3-1-7,T3R1C7,2011-2638-1 26C,2/29/24,3/8/24,4/12/24,Oertli - Main Greenhouse - Table 17,Some leaves browning,405,34
Boltonia decurrens,3-3-12,T3R3C12,2011-2636-1 4,2/29/24,3/21/24,4/12/24,Oertli - Main Greenhouse - Table 17,NA,406,34
Boltonia decurrens,4-6-8,T4R6C8,2011-2659-1 14A,2/29/24,3/21/24,4/12/24,Oertli - Main Greenhouse - Table 17,NA,407,34
Boltonia decurrens,13-1-9,T13R1C9,2011-2664-1 13,3/2/24,3/12/24,4/12/24,Oertli - Main Greenhouse - Table 17,NA,408,34
Boltonia decurrens,11-6-4,T11R6C4,2011-2661-1 8A,3/1/24,3/10/24,4/12/24,Oertli - Main Greenhouse - Table 17,NA,409,35
Boltonia decurrens,8-3-8,T8R3C8,2011-2666-1 3B,2/29/24,3/6/24,4/12/24,Oertli - Main Greenhouse - Table 17,NA,410,35
Boltonia decurrens,4-1-6,T4R1C6,2011-2666-1 13C,2/29/24,3/16/24,4/12/24,Oertli - Main Greenhouse - Table 17,NA,411,35
Boltonia decurrens,5-3-11,T5R3C11,2011-2659-1 5A,2/29/24,3/8/24,4/12/24,Oertli - Main Greenhouse - Table 17,NA,412,35
Boltonia decurrens,9-3-7,T9R3C7,2011-2629-1 30A,2/29/24,3/6/24,4/12/24,Oertli - Main Greenhouse - Table 17,NA,413,35
Boltonia decurrens,6-5-6,T6R5C6,2011-2623-1 27B,2/29/24,3/5/24,4/12/24,Oertli - Main Greenhouse - Table 17,NA,414,35
Boltonia decurrens,2-2-8,T2R2C8,2011-2629-1 2B,2/29/24,3/7/24,4/12/24,Oertli - Main Greenhouse - Table 17,NA,415,35
Boltonia decurrens,8-6-9,T8R6C9,2011-2609-1 X2,2/29/24,3/8/24,4/12/24,Oertli - Main Greenhouse - Table 17,NA,416,35
Boltonia decurrens,3-3-2,T3R3C2,2011-2636-1 26,2/29/24,3/8/24,4/12/24,Oertli - Main Greenhouse - Table 17,NA,417,35
Boltonia decurrens,4-3-12,T4R3C12,2011-2635-1 31,2/29/24,3/12/24,4/12/24,Oertli - Main Greenhouse - Table 17,NA,418,35
Boltonia decurrens,6-6-5,T6R6C5,2011-2636-1 10,2/29/24,3/9/24,4/12/24,Oertli - Main Greenhouse - Table 17,NA,419,35
Boltonia decurrens,4-6-7,T4R6C7,2011-2659-1 14A,2/29/24,3/6/24,4/12/24,Oertli - Main Greenhouse - Table 17,NA,420,35
Boltonia decurrens,4-1-2,T4R1C2,2011-2675-1 16A,2/29/24,3/6/24,4/12/24,Oertli - Main Greenhouse - Table 17,NA,421,36
Boltonia decurrens,12-5-9,T12R5C9,2011-2635-1 13,3/1/24,3/9/24,4/12/24,Oertli - Main Greenhouse - Table 17,NA,422,36
Boltonia decurrens,3-2-11,T3R2C11,2011-2635-1 28,2/29/24,3/10/24,4/12/24,Oertli - Main Greenhouse - Table 17,"Most leaves dry and brown, roots in poor condition",423,36
Boltonia decurrens,8-6-3,T8R6C3,2011-2598-1 L1B,2/29/24,3/7/24,4/12/24,Oertli - Main Greenhouse - Table 17,NA,424,36
Boltonia decurrens,11-6-8,T11R6C8,2011-2620-1 20B,3/1/24,3/10/24,4/12/24,Oertli - Main Greenhouse - Table 17,NA,425,36
Boltonia decurrens,7-1-12,T7R1C12,2011-2661-1 18B,2/29/24,3/7/24,4/12/24,Oertli - Main Greenhouse - Table 17,Very poor condition at time of transplant,426,36
Boltonia decurrens,10-4-8,T10R4C8,2011-2664-1 26,3/1/24,3/8/24,4/12/24,Oertli - Main Greenhouse - Table 17,NA,427,36
Boltonia decurrens,6-5-9,T6R5C9,2011-2620-1 19A,2/29/24,3/7/24,4/12/24,Oertli - Main Greenhouse - Table 17,NA,429,36
Boltonia decurrens,9-3-10,T9R3C10,2011-2598-1 L3B,2/29/24,3/12/24,4/12/24,Oertli - Main Greenhouse - Table 17,NA,430,36
Boltonia decurrens,2-6-6,T2R6C6,2011-2613-1 6A,2/29/24,3/7/24,4/12/24,Oertli - Main Greenhouse - Table 17,NA,431,36
Boltonia decurrens,4-2-6,T4R2C6,2011-2664-1 9,2/29/24,3/18/24,4/12/24,Oertli - Main Greenhouse - Table 17,NA,432,36
Boltonia decurrens,11-6-9,T11R6C9,2011-2620-1 20B,3/1/24,3/10/24,4/12/24,Oertli - Main Greenhouse - Table 17,NA,433,36
Boltonia decurrens,2-3-1,T2R3C1,2011-2664-1 12,2/29/24,3/16/24,4/12/24,Oertli - Main Greenhouse - Table 17,NA,434,37
Boltonia decurrens,3-3-6,T3R3C6,2011-2666-1 21C,2/29/24,3/6/24,4/12/24,Oertli - Main Greenhouse - Table 17,"Some leaves browning, but growing",435,37
Boltonia decurrens,12-5-4,T12R5C4,2011-2638-1 17A,3/1/24,3/10/24,4/12/24,Oertli - Main Greenhouse - Table 17,NA,436,37
Boltonia decurrens,1-6-7,T1R6C7,2011-2661-1 5A,2/29/24,3/6/24,4/12/24,Oertli - Main Greenhouse - Table 17,NA,437,37
Boltonia decurrens,3-1-2,T3R1C2,2011-2675-1 15B,2/29/24,3/6/24,4/12/24,Oertli - Main Greenhouse - Table 17,Most leaves dry and brown,438,37
Boltonia decurrens,8-5-5,T8R5C5,2011-2636-1 1,2/29/24,3/7/24,4/12/24,Oertli - Main Greenhouse - Table 17,NA,439,37
Boltonia decurrens,6-4-12,T6R4C12,2011-2598-1 S17A,2/29/24,Unknown,4/12/24,Oertli - Main Greenhouse - Table 17,Very small stature at time of transplant,440,37
Boltonia decurrens,5-5-3,T5R5C3,2011-2598-1 L7B,2/29/24,3/7/24,4/12/24,Oertli - Main Greenhouse - Table 17,NA,441,37
Boltonia decurrens,3-6-5,T3R6C5,2011-2598-1 S8A,2/29/24,3/7/24,4/12/24,Oertli - Main Greenhouse - Table 17,Some leaves browning,442,37
Boltonia decurrens,5-1-12,T5R1C12,2011-2635-1 11,2/29/24,3/7/24,4/12/24,Oertli - Main Greenhouse - Table 17,NA,443,37
Boltonia decurrens,10-5-3,T10R5C3,2011-2620-1 27A,3/1/24,3/8/24,4/12/24,Oertli - Main Greenhouse - Table 17,NA,444,37
Boltonia decurrens,6-5-8,T6R5C8,2011-2623-1 7A,2/29/24,3/10/24,4/12/24,Oertli - Main Greenhouse - Table 17,NA,445,37
Boltonia decurrens,3-3-4,T3R3C4,2011-2635-1 21,2/29/24,3/7/24,4/12/24,Oertli - Main Greenhouse - Table 17,Some leaves browning,446,38
Boltonia decurrens,7-3-6,T7R3C6,2011-2664-1 28,2/29/24,3/7/24,4/12/24,Oertli - Main Greenhouse - Table 17,"Likely dead, transplanted regardless",447,38
Boltonia decurrens,6-4-11,T6R4C11,2011-2598-1 S17A,2/29/24,3/7/24,4/12/24,Oertli - Main Greenhouse - Table 17,NA,448,38
Boltonia decurrens,7-6-3,T7R6C3,2011-2618-1 3C,2/29/24,3/12/24,4/12/24,Oertli - Main Greenhouse - Table 17,NA,449,38
Boltonia decurrens,3-4-5,T3R4C5,2011-2599-1 2,2/29/24,3/7/24,4/12/24,Oertli - Main Greenhouse - Table 17,Some leaves browning,450,38
Boltonia decurrens,8-5-4,T8R5C4,2011-2636-1 1,2/29/24,3/8/24,4/12/24,Oertli - Main Greenhouse - Table 17,NA,451,38
Boltonia decurrens,9-6-3,T9R6C3,2011-2609-1 9C,3/1/24,3/12/24,4/12/24,Oertli - Main Greenhouse - Table 17,NA,452,38
Boltonia decurrens,2-5-12,T2R5C12,2011-2598-1 22C,2/29/24,3/7/24,4/12/24,Oertli - Main Greenhouse - Table 17,NA,453,38
Boltonia decurrens,7-3-5,T7R3C5,2011-2618-1 15A,2/29/24,3/12/24,4/12/24,Oertli - Main Greenhouse - Table 17,NA,454,38
Boltonia decurrens,5-3-4,T5R3C4,2011-2620-1 26C,2/29/24,3/9/24,4/12/24,Oertli - Main Greenhouse - Table 17,NA,455,38
Boltonia decurrens,6-5-1,T6R5C1,2011-2598-1 L4B,2/29/24,3/7/24,4/12/24,Oertli - Main Greenhouse - Table 17,NA,456,38
Boltonia decurrens,6-3-9,T6R3C9,2011-2635-1 24,2/29/24,3/10/24,4/12/24,Oertli - Main Greenhouse - Table 17,NA,457,38
Boltonia decurrens,8-2-1,T8R2C1,2011-2618-1 12A,2/29/24,3/8/24,4/12/24,Oertli - Main Greenhouse - Table 17,NA,458,39
Boltonia decurrens,5-1-9,T5R1C9,2011-2661-1 29B,2/29/24,3/6/24,4/12/24,Oertli - Main Greenhouse - Table 17,NA,459,39
Boltonia decurrens,2-2-12,T2R2C12,2011-2638-1 13A,2/29/24,3/7/24,4/12/24,Oertli - Main Greenhouse - Table 17,NA,460,39
Boltonia decurrens,8-4-4,T8R4C4,2011-2599-1 6,2/29/24,3/18/24,4/12/24,Oertli - Main Greenhouse - Table 17,NA,461,39
Boltonia decurrens,12-3-5,T12R3C5,2011-2664-1 10,3/1/24,3/15/24,4/12/24,Oertli - Main Greenhouse - Table 17,NA,462,39
Boltonia decurrens,5-3-6,T5R3C6,2011-2620-1 14C,2/29/24,3/7/24,4/12/24,Oertli - Main Greenhouse - Table 17,NA,463,39
Boltonia decurrens,2-6-5,T2R6C5,2011-2636-1 2,2/29/24,3/7/24,4/12/24,Oertli - Main Greenhouse - Table 17,NA,464,39
Boltonia decurrens,8-3-5,T8R3C5,2011-2659-1 4A,2/29/24,3/8/24,4/12/24,Oertli - Main Greenhouse - Table 17,NA,465,39
Boltonia decurrens,10-3-10,T10R3C10,2011-2599-1 16,3/1/24,3/8/24,4/12/24,Oertli - Main Greenhouse - Table 17,NA,466,39
Boltonia decurrens,5-4-6,T5R4C6,2011-2635-1 6,2/29/24,3/7/24,4/12/24,Oertli - Main Greenhouse - Table 17,NA,467,39
Boltonia decurrens,5-5-1,T5R5C1,2011-2598-1 L7B,2/29/24,3/12/24,4/12/24,Oertli - Main Greenhouse - Table 17,NA,468,39
Boltonia decurrens,8-2-12,T8R2C12,2011-2659-1 3C,2/29/24,3/12/24,4/12/24,Oertli - Main Greenhouse - Table 17,NA,NA,39
